order_id,date,unit_price,quantity,gross_revenue,net_revenue,product_title,item_id,province,city,source,year,month,quarter,day_of_week,is_weekend,year_month,revenue_per_unit,ml_fee_pct,cpi_index,gross_revenue_real,unit_price_real
2000004886252378,2023-01-06,999.0,1.0,999.0,,,867078087,Capital Federal,Villa Urquiza,CNX,2023,1,1,4,False,2023-01,999.0,,100.0,999.0,999.0
2000004882039612,2023-01-06,799.0,1.0,799.0,,,1164456488,Capital Federal,Almagro,CNX,2023,1,1,4,False,2023-01,799.0,,100.0,799.0,799.0
2000004889340356,2023-01-07,1099.0,1.0,1099.0,,,1224328728,Buenos Aires,,CNX,2023,1,1,5,True,2023-01,1099.0,,100.0,1099.0,1099.0
2000004889163960,2023-01-07,849.0,1.0,849.0,,,607395641,Buenos Aires,,CNX,2023,1,1,5,True,2023-01,849.0,,100.0,849.0,849.0
2000004894030328,2023-01-08,499.0,1.0,499.0,,,701321576,Buenos Aires,Tandil,CNX,2023,1,1,6,True,2023-01,499.0,,100.0,499.0,499.0
2000004893003894,2023-01-08,1099.0,1.0,1099.0,,,844983758,Capital Federal,Flores,CNX,2023,1,1,6,True,2023-01,1099.0,,100.0,1099.0,1099.0
2000004912026162,2023-01-11,699.0,1.0,699.0,,,1142057561,Capital Federal,Chacarita,CNX,2023,1,1,2,False,2023-01,699.0,,100.0,699.0,699.0
2000004928208822,2023-01-13,2999.0,1.0,2999.0,,,1311339349,Córdoba,General Roca,CNX,2023,1,1,4,False,2023-01,2999.0,,100.0,2999.0,2999.0
2000004928675226,2023-01-13,749.0,1.0,749.0,,,872945531,Buenos Aires,Temperley,CNX,2023,1,1,4,False,2023-01,749.0,,100.0,749.0,749.0
2000004935562126,2023-01-15,949.0,1.0,949.0,,,820541296,Capital Federal,Villa Urquiza,CNX,2023,1,1,6,True,2023-01,949.0,,100.0,949.0,949.0
2000004972690534,2023-01-21,699.0,1.0,699.0,,,905091715,Capital Federal,Bs as,CNX,2023,1,1,5,True,2023-01,699.0,,100.0,699.0,699.0
2000004978285768,2023-01-22,1299.0,1.0,1299.0,,,614649085,Buenos Aires,Tortuguitas,CNX,2023,1,1,6,True,2023-01,1299.0,,100.0,1299.0,1299.0
2000004977492932,2023-01-22,1199.0,1.0,1199.0,,,612662901,Córdoba,Bell ville,CNX,2023,1,1,6,True,2023-01,1199.0,,100.0,1199.0,1199.0
2000004990793858,2023-01-24,999.0,1.0,999.0,,,625812530,Buenos Aires,Victoria,CNX,2023,1,1,1,False,2023-01,999.0,,100.0,999.0,999.0
2000004989382984,2023-01-24,849.0,1.0,849.0,,,750839857,Buenos Aires,Victoria,CNX,2023,1,1,1,False,2023-01,849.0,,100.0,849.0,849.0
2000004989384360,2023-01-24,749.0,1.0,749.0,,,872945531,Buenos Aires,Victoria,CNX,2023,1,1,1,False,2023-01,749.0,,100.0,749.0,749.0
2000004989760122,2023-01-24,1099.0,1.0,1099.0,,,1148735828,,,CNX,2023,1,1,1,False,2023-01,1099.0,,100.0,1099.0,1099.0
2000004988010958,2023-01-24,1099.0,1.0,1099.0,,,1148735828,,,CNX,2023,1,1,1,False,2023-01,1099.0,,100.0,1099.0,1099.0
2000004989382966,2023-01-24,999.0,1.0,999.0,,,625812530,Buenos Aires,Victoria,CNX,2023,1,1,1,False,2023-01,999.0,,100.0,999.0,999.0
2000004999796152,2023-01-25,899.0,1.0,899.0,,,1136334610,Buenos Aires,Turdera,CNX,2023,1,1,2,False,2023-01,899.0,,100.0,899.0,899.0
2000005010165200,2023-01-27,699.0,1.0,699.0,,,1145384042,Córdoba,Villa del Rosario,CNX,2023,1,1,4,False,2023-01,699.0,,100.0,699.0,699.0
2000005022618254,2023-01-30,1049.0,1.0,1049.0,,,704142864,,,CNX,2023,1,1,0,False,2023-01,1049.0,,100.0,1049.0,1049.0
2000005043464726,2023-02-02,999.0,1.0,999.0,,,905910028,Buenos Aires,Pilar,CNX,2023,2,1,3,False,2023-02,999.0,,106.0,942.4528301886792,942.4528301886792
2000005049042322,2023-02-03,1199.0,1.0,1199.0,,,612662901,Córdoba,Santa Eufemia,CNX,2023,2,1,4,False,2023-02,1199.0,,106.0,1131.132075471698,1131.132075471698
2000005057236432,2023-02-04,499.0,1.0,499.0,,,838220448,Buenos Aires,banfield,CNX,2023,2,1,5,True,2023-02,499.0,,106.0,470.75471698113205,470.75471698113205
2000005066301878,2023-02-06,799.0,1.0,799.0,,,611027235,Córdoba,Santa Eufemia,CNX,2023,2,1,0,False,2023-02,799.0,,106.0,753.7735849056604,753.7735849056604
2000005100209688,2023-02-11,1099.0,1.0,1099.0,,,613414686,Capital Federal,Flores,CNX,2023,2,1,5,True,2023-02,1099.0,,106.0,1036.7924528301887,1036.7924528301887
2000005105663736,2023-02-12,799.0,1.0,799.0,,,872947209,Santa Fe,las rosas,CNX,2023,2,1,6,True,2023-02,799.0,,106.0,753.7735849056604,753.7735849056604
2000005119052024,2023-02-14,1199.0,1.0,1199.0,,,612662679,Capital Federal,Almagro,CNX,2023,2,1,1,False,2023-02,1199.0,,106.0,1131.132075471698,1131.132075471698
2000005139530580,2023-02-18,1199.0,1.0,1199.0,,,1106376104,Buenos Aires,General San Martín,CNX,2023,2,1,5,True,2023-02,1199.0,,106.0,1131.132075471698,1131.132075471698
2000005140795866,2023-02-18,599.0,1.0,599.0,,,1145280782,Entre Ríos,Paraná,CNX,2023,2,1,5,True,2023-02,599.0,,106.0,565.0943396226415,565.0943396226415
2000005161393386,2023-02-22,799.0,1.0,799.0,,,905091715,Buenos Aires,Lomas de Zamora,CNX,2023,2,1,2,False,2023-02,799.0,,106.0,753.7735849056604,753.7735849056604
2000005169620182,2023-02-23,1199.0,1.0,1199.0,,,1148735828,Córdoba,La Para,CNX,2023,2,1,3,False,2023-02,1199.0,,106.0,1131.132075471698,1131.132075471698
2000005191220296,2023-02-27,799.0,1.0,799.0,,,905075535,Buenos Aires,Tres de febrero,CNX,2023,2,1,0,False,2023-02,799.0,,106.0,753.7735849056604,753.7735849056604
2000005188289368,2023-02-27,1299.0,1.0,1299.0,,,1144453649,Capital Federal,Caballito,CNX,2023,2,1,0,False,2023-02,1299.0,,106.0,1225.4716981132076,1225.4716981132076
2000005199859040,2023-03-01,2999.0,1.0,2999.0,,,1311339349,Capital Federal,Recoleta,CNX,2023,3,1,2,False,2023-03,2999.0,,112.996,2654.076250486743,2654.076250486743
2000005229960358,2023-03-06,999.0,1.0,999.0,,,1144440523,Buenos Aires,Tigre,CNX,2023,3,1,0,False,2023-03,999.0,,112.996,884.1020921094552,884.1020921094552
2000005232518534,2023-03-06,1099.0,1.0,1099.0,,,883265694,Capital Federal,Caballito,CNX,2023,3,1,0,False,2023-03,1099.0,,112.996,972.6008000283196,972.6008000283196
2000005247380280,2023-03-08,1399.0,1.0,1399.0,,,704142864,Buenos Aires,Quilmes Oeste,CNX,2023,3,1,2,False,2023-03,1399.0,,112.996,1238.0969237849126,1238.0969237849126
2000005281374988,2023-03-14,1299.0,1.0,1299.0,,,615693193,,,CNX,2023,3,1,1,False,2023-03,1299.0,,112.996,1149.5982158660483,1149.5982158660483
2000005290171522,2023-03-16,1499.0,1.0,1499.0,,,1148608023,Buenos Aires,Villa la Florida,CNX,2023,3,1,3,False,2023-03,1499.0,,112.996,1326.5956317037771,1326.5956317037771
2000005301349904,2023-03-16,899.0,1.0,899.0,,,905075535,Capital Federal,Caballito,CNX,2023,3,1,3,False,2023-03,899.0,,112.996,795.6033841905909,795.6033841905909
2000005308279508,2023-03-18,999.0,1.0,999.0,,,1320193530,Buenos Aires,,CNX,2023,3,1,5,True,2023-03,999.0,,112.996,884.1020921094552,884.1020921094552
2000005325850046,2023-03-21,899.0,1.0,899.0,,,813758069,Capital Federal,Velez Sarsfield,CNX,2023,3,1,1,False,2023-03,899.0,,112.996,795.6033841905909,795.6033841905909
2000005348811462,2023-03-25,1299.0,1.0,1299.0,,,1125819904,Capital Federal,Mataderos,CNX,2023,3,1,5,True,2023-03,1299.0,,112.996,1149.5982158660483,1149.5982158660483
2000005371730552,2023-03-29,999.0,1.0,999.0,,,607395641,Capital Federal,,CNX,2023,3,1,2,False,2023-03,999.0,,112.996,884.1020921094552,884.1020921094552
2000005379981398,2023-03-30,1499.0,1.0,1499.0,,,844983758,Neuquén,San Martin de los Andes,CNX,2023,3,1,3,False,2023-03,1499.0,,112.996,1326.5956317037771,1326.5956317037771
2000005425382440,2023-04-07,1499.0,1.0,1499.0,,,1145384067,Capital Federal,,CNX,2023,4,2,4,False,2023-04,1499.0,,121.6967,1231.7507376946128,1231.7507376946128
2000005423380334,2023-04-07,499.0,1.0,499.0,,,605433049,Santa Fe,,CNX,2023,4,2,4,False,2023-04,499.0,,121.6967,410.0357692525763,410.0357692525763
2000005453868714,2023-04-12,1699.0,1.0,1699.0,,,1148608023,Capital Federal,Caballito,CNX,2023,4,2,2,False,2023-04,1699.0,,121.6967,1396.0937313830202,1396.0937313830202
2000005450544670,2023-04-12,7900.0,1.0,7900.0,,,1198536898,Santa Fe,Rosario,CNX,2023,4,2,2,False,2023-04,7900.0,,121.6967,6491.54825069209,6491.54825069209
2000005457889514,2023-04-13,1699.0,1.0,1699.0,,,614649085,Capital Federal,Caballito,CNX,2023,4,2,3,False,2023-04,1699.0,,121.6967,1396.0937313830202,1396.0937313830202
2000005462143824,2023-04-13,1399.0,1.0,1399.0,,,612662901,Santa Fe,Santa Fe,CNX,2023,4,2,3,False,2023-04,1399.0,,121.6967,1149.5792408504092,1149.5792408504092
2000005458668208,2023-04-13,1199.0,1.0,1199.0,,,1320193530,Capital Federal,retiro,CNX,2023,4,2,3,False,2023-04,1199.0,,121.6967,985.2362471620019,985.2362471620019
2000005464628628,2023-04-14,999.0,1.0,999.0,,,1144440523,Capital Federal,Villa Urquiza,CNX,2023,4,2,4,False,2023-04,999.0,,121.6967,820.8932534735945,820.8932534735945
2000005468473724,2023-04-14,1299.0,1.0,1299.0,,,780727501,Neuquén,Rincón De Los Sauces,CNX,2023,4,2,4,False,2023-04,1299.0,,121.6967,1067.4077440062056,1067.4077440062056
2000005492002726,2023-04-18,899.0,1.0,899.0,,,905091715,Capital Federal,Bs As,CNX,2023,4,2,1,False,2023-04,899.0,,121.6967,738.7217566293909,738.7217566293909
2000005490121542,2023-04-18,1499.0,1.0,1499.0,,,704142864,Buenos Aires,Lanús Oeste,CNX,2023,4,2,1,False,2023-04,1499.0,,121.6967,1231.7507376946128,1231.7507376946128
2000005537189800,2023-04-26,1199.0,1.0,1199.0,,,1339770982,Capital Federal,La Boca,CNX,2023,4,2,2,False,2023-04,1199.0,,121.6967,985.2362471620019,985.2362471620019
2000005547924710,2023-04-28,999.0,1.0,999.0,,,872945531,Buenos Aires,Luján,CNX,2023,4,2,4,False,2023-04,999.0,,121.6967,820.8932534735945,820.8932534735945
2000005557014378,2023-04-29,1399.0,1.0,1399.0,,,1406423064,Capital Federal,Mataderos,CNX,2023,4,2,5,True,2023-04,1399.0,,121.6967,1149.5792408504092,1149.5792408504092
2000005567962148,2023-05-02,1899.0,1.0,1899.0,,,614649085,Capital Federal,La Boca,CNX,2023,5,2,1,False,2023-05,1899.0,,131.9192,1439.5175228473188,1439.5175228473188
2000005567953636,2023-05-02,999.0,1.0,999.0,,,882771023,Capital Federal,La Boca,CNX,2023,5,2,1,False,2023-05,999.0,,131.9192,757.2817300286843,757.2817300286843
2000005582889114,2023-05-04,1899.0,1.0,1899.0,,,1144453649,Buenos Aires,mar del plata,CNX,2023,5,2,3,False,2023-05,1899.0,,131.9192,1439.5175228473188,1439.5175228473188
2000005591639720,2023-05-05,1299.0,1.0,1299.0,,,607395641,Buenos Aires,La Plata,CNX,2023,5,2,4,False,2023-05,1299.0,,131.9192,984.6936609682292,984.6936609682292
2000005611473132,2023-05-08,1699.0,1.0,1699.0,,,1136291231,Chubut,el maiten,CNX,2023,5,2,0,False,2023-05,1699.0,,131.9192,1287.909568887622,1287.909568887622
2000005622314088,2023-05-10,999.0,1.0,999.0,,,611027235,,,CNX,2023,5,2,2,False,2023-05,999.0,,131.9192,757.2817300286843,757.2817300286843
2000005648814054,2023-05-14,899.0,1.0,899.0,,,607036320,Buenos Aires,Bahía Blanca,CNX,2023,5,2,6,True,2023-05,899.0,,131.9192,681.477753048836,681.477753048836
2000005657378690,2023-05-15,999.0,1.0,999.0,,,1144440523,Capital Federal,Flores,CNX,2023,5,2,0,False,2023-05,999.0,,131.9192,757.2817300286843,757.2817300286843
2000005698943528,2023-05-22,999.0,1.0,999.0,,,1106401052,Buenos Aires,Ramos Mejía,CNX,2023,5,2,0,False,2023-05,999.0,,131.9192,757.2817300286843,757.2817300286843
2000005702148206,2023-05-22,1399.0,1.0,1399.0,,,1148623889,Capital Federal,Floresta,CNX,2023,5,2,0,False,2023-05,1399.0,,131.9192,1060.4976379480775,1060.4976379480775
2000005741542804,2023-05-29,1499.0,1.0,1499.0,,,704142864,Capital Federal,Parque Avellaneda,CNX,2023,5,2,0,False,2023-05,1499.0,,131.9192,1136.3016149279258,1136.3016149279258
2000005748935936,2023-05-30,799.0,1.0,799.0,,,674522362,,,CNX,2023,5,2,1,False,2023-05,799.0,,131.9192,605.6737760689878,605.6737760689878
2000005774449282,2023-06-02,1899.0,1.0,1899.0,,,614649085,Capital Federal,Almagro,CNX,2023,6,2,4,False,2023-06,1899.0,,142.2089,1335.3594606244758,1335.3594606244758
2000005822148550,2023-06-09,1699.0,1.0,1699.0,,,704142864,Entre Ríos,,CNX,2023,6,2,4,False,2023-06,1699.0,,142.2089,1194.7212867830353,1194.7212867830353
2000005843609000,2023-06-13,1499.0,1.0,1499.0,,,615693193,Buenos Aires,Lanús,CNX,2023,6,2,1,False,2023-06,1499.0,,142.2089,1054.0831129415951,1054.0831129415951
2000005855462586,2023-06-14,999.0,1.0,999.0,,,1106401052,Capital Federal,Flores,CNX,2023,6,2,2,False,2023-06,999.0,,142.2089,702.4876783379943,702.4876783379943
2000005863877228,2023-06-15,1649.0,1.0,1649.0,,,1320193530,Capital Federal,,CNX,2023,6,2,3,False,2023-06,1649.0,,142.2089,1159.5617433226753,1159.5617433226753
2000005860621420,2023-06-15,399.0,1.0,399.0,,,615692936,Capital Federal,Belgrano,CNX,2023,6,2,3,False,2023-06,399.0,,142.2089,280.5731568136734,280.5731568136734
2000005868737374,2023-06-16,999.0,1.0,999.0,,,1139375851,Capital Federal,Villa Crespo,CNX,2023,6,2,4,False,2023-06,999.0,,142.2089,702.4876783379943,702.4876783379943
2000005870436966,2023-06-16,799.0,1.0,799.0,,,608356037,Capital Federal,,CNX,2023,6,2,4,False,2023-06,799.0,,142.2089,561.849504496554,561.849504496554
2000005882175726,2023-06-19,1699.0,1.0,1699.0,,,704142864,Córdoba,Córdoba,CNX,2023,6,2,0,False,2023-06,1699.0,,142.2089,1194.7212867830353,1194.7212867830353
2000005885890636,2023-06-19,1599.0,1.0,1599.0,,,905910028,Misiones,Ruiz de Montoya,CNX,2023,6,2,0,False,2023-06,1599.0,,142.2089,1124.4021998623152,1124.4021998623152
2000005885689350,2023-06-19,4130.0,1.0,4130.0,,,1299142023,Misiones,Ruiz de Montoya,CNX,2023,6,2,0,False,2023-06,4130.0,,142.2089,2904.1782898257425,2904.1782898257425
2000005888258834,2023-06-20,1199.0,2.0,2398.0,,,1106401052,Capital Federal,villa Urquiza,CNX,2023,6,2,1,False,2023-06,1199.0,,142.2089,1686.2517043588691,843.1258521794346
2000005891968378,2023-06-20,1199.0,1.0,1199.0,,,1142057561,Capital Federal,,CNX,2023,6,2,1,False,2023-06,1199.0,,142.2089,843.1258521794346,843.1258521794346
2000005897835536,2023-06-21,1699.0,1.0,1699.0,,,704142864,Santa Fe,,CNX,2023,6,2,2,False,2023-06,1699.0,,142.2089,1194.7212867830353,1194.7212867830353
2000005908666806,2023-06-23,1199.0,1.0,1199.0,,,1142057561,Capital Federal,,CNX,2023,6,2,4,False,2023-06,1199.0,,142.2089,843.1258521794346,843.1258521794346
2000005941104796,2023-06-28,1599.0,1.0,1599.0,,,1320193530,Capital Federal,Balvanera,CNX,2023,6,2,2,False,2023-06,1599.0,,142.2089,1124.4021998623152,1124.4021998623152
2000005955266298,2023-06-30,699.0,1.0,699.0,,,611027108,Buenos Aires,La Plata Gonnet,CNX,2023,6,2,4,False,2023-06,699.0,,142.2089,491.53041757583384,491.53041757583384
2000005951216104,2023-06-30,1199.0,1.0,1199.0,,,1145384042,Buenos Aires,Rojas,CNX,2023,6,2,4,False,2023-06,1199.0,,142.2089,843.1258521794346,843.1258521794346
2000005970837644,2023-07-03,1099.0,1.0,1099.0,,,872945531,Capital Federal,,CNX,2023,7,3,0,False,2023-07,1099.0,,150.7414,729.0631505346241,729.0631505346241
2000005987203438,2023-07-05,1199.0,1.0,1199.0,,,611027235,Buenos Aires,Banfield,CNX,2023,7,3,2,False,2023-07,1199.0,,150.7414,795.4019267434162,795.4019267434162
2000005987148380,2023-07-05,449.0,1.0,449.0,,,615692936,Buenos Aires,Banfield,CNX,2023,7,3,2,False,2023-07,449.0,,150.7414,297.86110517747613,297.86110517747613
2000006041758342,2023-07-13,3000.0,1.0,3000.0,,,1431979574,Buenos Aires,Ashburn,CNX,2023,7,3,3,False,2023-07,3000.0,,150.7414,1990.1632862637605,1990.1632862637605
2000006048991904,2023-07-14,2299.0,1.0,2299.0,,,844983758,Buenos Aires,Lomas de Zamora,CNX,2023,7,3,4,False,2023-07,2299.0,,150.7414,1525.1284650401283,1525.1284650401283
2000006088196676,2023-07-20,1199.0,1.0,1199.0,,,1139375851,Córdoba,Córdoba,CNX,2023,7,3,3,False,2023-07,1199.0,,150.7414,795.4019267434162,795.4019267434162
2000006098278226,2023-07-21,1099.0,1.0,1099.0,,,1164808487,Capital Federal,San Nicolás,CNX,2023,7,3,4,False,2023-07,1099.0,,150.7414,729.0631505346241,729.0631505346241
2000006098276242,2023-07-21,1499.0,1.0,1499.0,,,1164456488,Capital Federal,San Nicolás,CNX,2023,7,3,4,False,2023-07,1499.0,,150.7414,994.4182553697923,994.4182553697923
2000006101590796,2023-07-22,1699.0,1.0,1699.0,,,905910028,Buenos Aires,Lomas de Zamora,CNX,2023,7,3,5,True,2023-07,1699.0,,150.7414,1127.0958077873763,1127.0958077873763
2000006131911408,2023-07-26,1699.0,1.0,1699.0,,,704142864,Buenos Aires,Manuel J. Cobo,CNX,2023,7,3,2,False,2023-07,1699.0,,150.7414,1127.0958077873763,1127.0958077873763
2000006132973868,2023-07-27,2697.0,1.0,2697.0,,,1401229902,Buenos Aires,,CNX,2023,7,3,3,False,2023-07,2697.0,,150.7414,1789.1567943511204,1789.1567943511204
2000006160630232,2023-07-31,1899.0,1.0,1899.0,,,905910028,,,CNX,2023,7,3,0,False,2023-07,1899.0,,150.7414,1259.7733602049602,1259.7733602049602
2000006156867780,2023-07-31,1999.0,1.0,1999.0,,,1363107773,Capital Federal,,CNX,2023,7,3,0,False,2023-07,1999.0,,150.7414,1326.1121364137523,1326.1121364137523
2000006163691824,2023-08-01,1199.0,1.0,1199.0,,,1106401052,Entre Ríos,Paraná,CNX,2023,8,3,1,False,2023-08,1199.0,,160.2382,748.2610263969515,748.2610263969515
2000006181209180,2023-08-03,1199.0,2.0,2398.0,,,1139375851,Capital Federal,,CNX,2023,8,3,3,False,2023-08,1199.0,,160.2382,1496.522052793903,748.2610263969515
2000006188084696,2023-08-04,1199.0,1.0,1199.0,,,1142057561,Buenos Aires,,CNX,2023,8,3,4,False,2023-08,1199.0,,160.2382,748.2610263969515,748.2610263969515
2000006195876388,2023-08-05,1499.0,1.0,1499.0,,,611027262,Capital Federal,Caballito,CNX,2023,8,3,5,True,2023-08,1499.0,,160.2382,935.482300724796,935.482300724796
2000006204237304,2023-08-06,899.0,1.0,899.0,,,1401229902,,,CNX,2023,8,3,6,True,2023-08,899.0,,160.2382,561.0397520691071,561.0397520691071
2000006218591128,2023-08-08,1499.0,1.0,1499.0,,,868546850,Capital Federal,,CNX,2023,8,3,1,False,2023-08,1499.0,,160.2382,935.482300724796,935.482300724796
2000006225845370,2023-08-09,1899.0,1.0,1899.0,,,1131699441,Capital Federal,Palermo,CNX,2023,8,3,2,False,2023-08,1899.0,,160.2382,1185.1106664952551,1185.1106664952551
2000006241694072,2023-08-11,1399.0,1.0,1399.0,,,905075535,,,CNX,2023,8,3,4,False,2023-08,1399.0,,160.2382,873.0752092821812,873.0752092821812
2000006247523660,2023-08-12,1899.0,1.0,1899.0,,,905910028,Capital Federal,Mataderos,CNX,2023,8,3,5,True,2023-08,1899.0,,160.2382,1185.1106664952551,1185.1106664952551
2000006251834124,2023-08-13,999.0,1.0,999.0,,,612663153,Buenos Aires,José C. Paz,CNX,2023,8,3,6,True,2023-08,999.0,,160.2382,623.4468435117219,623.4468435117219
2000006259889266,2023-08-14,1399.0,1.0,1399.0,,,612400451,Buenos Aires,Lomas de Zamora,CNX,2023,8,3,0,False,2023-08,1399.0,,160.2382,873.0752092821812,873.0752092821812
2000006256797766,2023-08-14,1399.0,1.0,1399.0,,,1164050076,,,CNX,2023,8,3,0,False,2023-08,1399.0,,160.2382,873.0752092821812,873.0752092821812
2000006271145004,2023-08-16,1599.0,1.0,1599.0,,,905091715,Córdoba,Río Cuarto,CNX,2023,8,3,2,False,2023-08,1599.0,,160.2382,997.8893921674107,997.8893921674107
2000006306215636,2023-08-21,6000.0,1.0,6000.0,,,1468553746,Córdoba,,CNX,2023,8,3,0,False,2023-08,6000.0,,160.2382,3744.425486556888,3744.425486556888
2000006306215634,2023-08-21,6000.0,1.0,6000.0,,,1468553848,Córdoba,,CNX,2023,8,3,0,False,2023-08,6000.0,,160.2382,3744.425486556888,3744.425486556888
2000006307769550,2023-08-21,2900.0,1.0,2900.0,,,1135199132,Buenos Aires,Castelar,CNX,2023,8,3,0,False,2023-08,2900.0,,160.2382,1809.8056518358294,1809.8056518358294
2000006313978038,2023-08-22,1899.0,1.0,1899.0,,,1167364579,Capital Federal,Parque Patricios,CNX,2023,8,3,1,False,2023-08,1899.0,,160.2382,1185.1106664952551,1185.1106664952551
2000006320648438,2023-08-23,1999.0,1.0,1999.0,,,704142864,Córdoba,Río Cuarto,CNX,2023,8,3,2,False,2023-08,1999.0,,160.2382,1247.51775793787,1247.51775793787
2000006319422812,2023-08-23,1399.0,1.0,1399.0,,,612400451,Buenos Aires,Mar del Plata,CNX,2023,8,3,2,False,2023-08,1399.0,,160.2382,873.0752092821812,873.0752092821812
2000006332622768,2023-08-25,1999.0,1.0,1999.0,,,614649122,Capital Federal,Capital Federal,CNX,2023,8,3,4,False,2023-08,1999.0,,160.2382,1247.51775793787,1247.51775793787
2000006346367264,2023-08-27,1999.0,1.0,1999.0,,,612662679,Capital Federal,Villa Devoto,CNX,2023,8,3,6,True,2023-08,1999.0,,160.2382,1247.51775793787,1247.51775793787
2000006357451874,2023-08-29,1699.0,1.0,1699.0,,,868546850,Buenos Aires,Mar del Plata,CNX,2023,8,3,1,False,2023-08,1699.0,,160.2382,1060.2964836100255,1060.2964836100255
2000006386916658,2023-09-02,1699.0,1.0,1699.0,,,1148623889,,,CNX,2023,9,3,5,True,2023-09,1699.0,,180.1077,943.324466416483,943.324466416483
2000006387314690,2023-09-02,12400.0,1.0,12400.0,,,612400451,Córdoba,Córdoba,CNX,2023,9,3,5,True,2023-09,12400.0,,180.1077,6884.769501803643,6884.769501803643
2000006396997096,2023-09-04,1699.0,1.0,1699.0,,,1386192695,Capital Federal,boedo,CNX,2023,9,3,0,False,2023-09,1699.0,,180.1077,943.324466416483,943.324466416483
2000006393896514,2023-09-04,1999.0,1.0,1999.0,,,607395641,Capital Federal,Palermo,CNX,2023,9,3,0,False,2023-09,1999.0,,180.1077,1109.8914704923777,1109.8914704923777
2000006396963788,2023-09-04,799.0,1.0,799.0,,,608356037,Buenos Aires,Avellaneda,CNX,2023,9,3,0,False,2023-09,799.0,,180.1077,443.6234541887993,443.6234541887993
2000006407527912,2023-09-05,2899.0,1.0,2899.0,,,844983758,Buenos Aires,José C. Paz,CNX,2023,9,3,1,False,2023-09,2899.0,,180.1077,1609.5924827200615,1609.5924827200615
2000006410372878,2023-09-06,2000.0,1.0,2000.0,,,1453593794,Buenos Aires,Remedios De Escalada,CNX,2023,9,3,2,False,2023-09,2000.0,,180.1077,1110.4466938392973,1110.4466938392973
2000006417860688,2023-09-07,7000.0,1.0,7000.0,,,1467669250,Capital Federal,Monserrat,CNX,2023,9,3,3,False,2023-09,7000.0,,180.1077,3886.56342843754,3886.56342843754
2000006430389748,2023-09-09,1899.0,1.0,1899.0,,,1192578713,Buenos Aires,VILLA BALLESTER,CNX,2023,9,3,5,True,2023-09,1899.0,,180.1077,1054.3691358004128,1054.3691358004128
2000006437667762,2023-09-10,1899.0,1.0,1899.0,,,1106401052,Capital Federal,Almagro,CNX,2023,9,3,6,True,2023-09,1899.0,,180.1077,1054.3691358004128,1054.3691358004128
2000006452822902,2023-09-12,2299.0,1.0,2299.0,,,1320193530,Capital Federal,Recoleta,CNX,2023,9,3,1,False,2023-09,2299.0,,180.1077,1276.458474568272,1276.458474568272
2000006458286462,2023-09-13,2999.0,1.0,2999.0,,,1387963319,Capital Federal,Buenos Aires,CNX,2023,9,3,2,False,2023-09,2999.0,,180.1077,1665.1148174120262,1665.1148174120262
2000006479400488,2023-09-16,1999.0,1.0,1999.0,,,1365891997,Buenos Aires,Wilde,CNX,2023,9,3,5,True,2023-09,1999.0,,180.1077,1109.8914704923777,1109.8914704923777
2000006479234538,2023-09-16,1999.0,1.0,1999.0,,,905910028,Buenos Aires,Wilde,CNX,2023,9,3,5,True,2023-09,1999.0,,180.1077,1109.8914704923777,1109.8914704923777
2000006497575494,2023-09-19,1899.0,1.0,1899.0,,,1139375851,Capital Federal,Villa Devoto,CNX,2023,9,3,1,False,2023-09,1899.0,,180.1077,1054.3691358004128,1054.3691358004128
2000006549474030,2023-09-27,2690.0,1.0,2690.0,,,1425491484,Buenos Aires,Don Torcuato,CNX,2023,9,3,2,False,2023-09,2690.0,,180.1077,1493.5508032138548,1493.5508032138548
2000006553102914,2023-09-27,2499.0,1.0,2499.0,,,918097750,Capital Federal,Bsss,CNX,2023,9,3,2,False,2023-09,2499.0,,180.1077,1387.503143952202,1387.503143952202
2000006569836094,2023-09-30,2399.0,1.0,2399.0,,,1497140454,Buenos Aires,Villa Dominico,CNX,2023,9,3,5,True,2023-09,2399.0,,180.1077,1331.980809260237,1331.980809260237
2000006569836092,2023-09-30,1999.0,1.0,1999.0,,,1497103140,Buenos Aires,Villa Dominico,CNX,2023,9,3,5,True,2023-09,1999.0,,180.1077,1109.8914704923777,1109.8914704923777
2000006580986488,2023-10-02,1899.0,1.0,1899.0,,,1106401052,Capital Federal,C.A.B.A,CNX,2023,10,4,0,False,2023-10,1899.0,,202.9814,935.5537009794987,935.5537009794987
2000006585510032,2023-10-02,1899.0,1.0,1899.0,,,1131768685,Capital Federal,Buenos Aires,CNX,2023,10,4,0,False,2023-10,1899.0,,202.9814,935.5537009794987,935.5537009794987
2000006599444224,2023-10-04,799.0,1.0,799.0,,,1133364189,Capital Federal,Villa Urquiza,CNX,2023,10,4,2,False,2023-10,799.0,,202.9814,393.63212589922034,393.63212589922034
2000006614557904,2023-10-06,2399.0,1.0,2399.0,,,921392208,Capital Federal,,CNX,2023,10,4,4,False,2023-10,2399.0,,202.9814,1181.8816896523524,1181.8816896523524
2000006652904090,2023-10-11,2990.0,1.0,2990.0,,,1365891997,Capital Federal,Recoleta,CNX,2023,10,4,2,False,2023-10,2990.0,,202.9814,1473.0413722636654,1473.0413722636654
2000006663459002,2023-10-13,2699.0,1.0,2699.0,,,704142864,Buenos Aires,la Tablada,CNX,2023,10,4,4,False,2023-10,2699.0,,202.9814,1329.6784828560646,1329.6784828560646
2000006685206110,2023-10-16,2088.9,1.0,2088.9,,,614649170,Capital Federal,Caballito,CNX,2023,10,4,0,False,2023-10,2088.9,,202.9814,1029.1090710774486,1029.1090710774486
2000006698057622,2023-10-18,2198.9,1.0,2198.9,,,1106401052,Buenos Aires,remedios de escalada,CNX,2023,10,4,2,False,2023-10,2198.9,,202.9814,1083.3012285854763,1083.3012285854763
2000006712239454,2023-10-20,658.9,1.0,658.9,,,1388857941,Capital Federal,Caballito,CNX,2023,10,4,4,False,2023-10,658.9,,202.9814,324.6110234730867,324.6110234730867
2000006728076350,2023-10-22,2088.9,1.0,2088.9,,,1363107773,Capital Federal,,CNX,2023,10,4,6,True,2023-10,2088.9,,202.9814,1029.1090710774486,1029.1090710774486
2000006767235816,2023-10-27,1538.9,1.0,1538.9,,,1401229902,Buenos Aires,ARGENTINA,CNX,2023,10,4,4,False,2023-10,1538.9,,202.9814,758.1482835373093,758.1482835373093
2000006801706052,2023-11-02,2088.9,1.0,2088.9,,,611027235,Capital Federal,Caballito,CNX,2023,11,4,3,False,2023-11,2088.9,,219.8288,950.2394590699673,950.2394590699673
2000006846691544,2023-11-08,2088.9,1.0,2088.9,,,905075535,Capital Federal,Cap Fed,CNX,2023,11,4,2,False,2023-11,2088.9,,219.8288,950.2394590699673,950.2394590699673
2000006845882252,2023-11-08,2528.9,1.0,2528.9,,,607395641,Buenos Aires,,CNX,2023,11,4,2,False,2023-11,2528.9,,219.8288,1150.3952166413135,1150.3952166413135
2000006874376832,2023-11-12,2088.9,1.0,2088.9,,,1142057561,Capital Federal,,CNX,2023,11,4,6,True,2023-11,2088.9,,219.8288,950.2394590699673,950.2394590699673
2000006897996314,2023-11-15,1999.0,1.0,1999.0,,,1394238401,Buenos Aires,La Plata,CNX,2023,11,4,2,False,2023-11,1999.0,,219.8288,909.3439986025489,909.3439986025489
2000006897993010,2023-11-15,2890.0,1.0,2890.0,,,1559803034,Buenos Aires,La Plata,CNX,2023,11,4,2,False,2023-11,2890.0,,219.8288,1314.6594076845254,1314.6594076845254
2000006927046016,2023-11-18,699.0,1.0,699.0,,,1388857941,Buenos Aires,Ituzaingó,CNX,2023,11,4,5,True,2023-11,699.0,,219.8288,317.9747148690253,317.9747148690253
2000006927036046,2023-11-18,2088.9,1.0,2088.9,,,1145384042,Buenos Aires,La Plata,CNX,2023,11,4,5,True,2023-11,2088.9,,219.8288,950.2394590699673,950.2394590699673
2000006936627860,2023-11-20,2198.9,1.0,2198.9,,,1106401052,Buenos Aires,,CNX,2023,11,4,0,False,2023-11,2198.9,,219.8288,1000.2783984628038,1000.2783984628038
2000006938492620,2023-11-20,3298.9,1.0,3298.9,,,612662679,Santa Fe,Santa Fe,CNX,2023,11,4,0,False,2023-11,3298.9,,219.8288,1500.66779239117,1500.66779239117
2000006958540970,2023-11-22,2959.0,1.0,2959.0,,,1425491484,Buenos Aires,San Fernando,CNX,2023,11,4,2,False,2023-11,2959.0,,219.8288,1346.0474696673048,1346.0474696673048
2000007004817578,2023-11-28,2088.9,1.0,2088.9,,,1133327069,Córdoba,,CNX,2023,11,4,1,False,2023-11,2088.9,,219.8288,950.2394590699673,950.2394590699673
2000007012931444,2023-11-29,2198.9,1.0,2198.9,,,1106401052,Santa Fe,ROSARIO,CNX,2023,11,4,2,False,2023-11,2198.9,,219.8288,1000.2783984628038,1000.2783984628038
2000007022175412,2023-11-30,2990.0,1.0,2990.0,,,704142864,Buenos Aires,Valentín Alsina,CNX,2023,11,4,3,False,2023-11,2990.0,,219.8288,1360.149352587104,1360.149352587104
2000007030564768,2023-12-01,2389.0,1.0,2389.0,,,905075535,Capital Federal,Liniers,CNX,2023,12,4,4,False,2023-12,2389.0,,247.9669,963.435039112075,963.435039112075
2000007044331144,2023-12-03,2088.9,1.0,2088.9,,,1145384042,Entre Ríos,Villaguay,CNX,2023,12,4,6,True,2023-12,2088.9,,247.9669,842.4108217669375,842.4108217669375
2000007077898608,2023-12-06,2088.9,1.0,2088.9,,,872947209,Capital Federal,Villa Devoto,CNX,2023,12,4,2,False,2023-12,2088.9,,247.9669,842.4108217669375,842.4108217669375
2000007111655864,2023-12-10,3289.0,1.0,3289.0,,,1540566360,,,CNX,2023,12,4,6,True,2023-12,3289.0,,247.9669,1326.3867072581056,1326.3867072581056
2000007179181582,2023-12-17,2198.9,1.0,2198.9,,,1106401052,,,CNX,2023,12,4,6,True,2023-12,2198.9,,247.9669,886.7715812070079,886.7715812070079
2000007261962912,2023-12-28,1389.0,1.0,1389.0,,,1506996378,Buenos Aires,Olivos,CNX,2023,12,4,3,False,2023-12,1389.0,,247.9669,560.1554078387074,560.1554078387074
2000007261544180,2023-12-28,1538.9,1.0,1538.9,,,1401229902,,,CNX,2023,12,4,3,False,2023-12,1538.9,,247.9669,620.6070245665853,620.6070245665853
2000007265546458,2023-12-28,2198.9,1.0,2198.9,,,1497103140,Buenos Aires,San Fernando,CNX,2023,12,4,3,False,2023-12,2198.9,,247.9669,886.7715812070079,886.7715812070079
2000007274632286,2023-12-30,3999.0,1.0,3999.0,,,1148735828,Mendoza,Potrerillos,CNX,2023,12,4,5,True,2023-12,3999.0,,247.9669,1612.7152454621967,1612.7152454621967
2000007290371288,2024-01-02,2899.0,1.0,2899.0,,,1311339349,,,CNX,2024,1,1,1,False,2024-01,2899.0,,311.1985,931.5597600888178,931.5597600888178
2000007310256018,2024-01-05,2600.0,1.0,2600.0,,,905075535,Córdoba,Villa María,CNX,2024,1,1,4,False,2024-01,2600.0,,311.1985,835.4796054608231,835.4796054608231
2000007327671112,2024-01-07,2990.0,1.0,2990.0,,,1339770982,Buenos Aires,Ituzaingó,CNX,2024,1,1,6,True,2024-01,2990.0,,311.1985,960.8015462799466,960.8015462799466
2000007332717330,2024-01-08,3899.0,1.0,3899.0,,,1365891997,Buenos Aires,Buenos Aires,CNX,2024,1,1,0,False,2024-01,3899.0,,311.1985,1252.898069881442,1252.898069881442
2000007339402664,2024-01-09,3300.0,1.0,3300.0,,,1467669180,Buenos Aires,,CNX,2024,1,1,1,False,2024-01,3300.0,,311.1985,1060.4164223156602,1060.4164223156602
2000007352373268,2024-01-10,3499.0,1.0,3499.0,,,905910028,Santa Fe,Cañada Rosquín,CNX,2024,1,1,2,False,2024-01,3499.0,,311.1985,1124.3627459643924,1124.3627459643924
2000007352212498,2024-01-10,2959.0,1.0,2959.0,,,1425491484,,,CNX,2024,1,1,2,False,2024-01,2959.0,,311.1985,950.8400586763752,950.8400586763752
2000007374064648,2024-01-13,3990.0,1.0,3990.0,,,1387924739,,,CNX,2024,1,1,5,True,2024-01,3990.0,,311.1985,1282.1398560725709,1282.1398560725709
2000007386443008,2024-01-15,1490.0,1.0,1490.0,,,608355237,Capital Federal,Capital Federal,CNX,2024,1,1,0,False,2024-01,1490.0,,311.1985,478.7940815910102,478.7940815910102
2000007386443776,2024-01-15,3290.0,1.0,3290.0,,,1131710692,Capital Federal,Capital Federal,CNX,2024,1,1,0,False,2024-01,3290.0,,311.1985,1057.203039217734,1057.203039217734
2000007432064218,2024-01-21,2600.0,1.0,2600.0,,,1363107773,Buenos Aires,Luján,CNX,2024,1,1,6,True,2024-01,2600.0,,311.1985,835.4796054608231,835.4796054608231
2000007436667762,2024-01-22,1499.0,1.0,1499.0,,,1133364189,Córdoba,Santa Eufemia,CNX,2024,1,1,0,False,2024-01,1499.0,,311.1985,481.6861263791438,481.6861263791438
2000007452230132,2024-01-24,2600.0,1.0,2600.0,,,824064659,Santa Fe,Rosario,CNX,2024,1,1,2,False,2024-01,2600.0,,311.1985,835.4796054608231,835.4796054608231
2000007506845788,2024-01-31,3799.0,1.0,3799.0,,,780727501,Córdoba,,CNX,2024,1,1,2,False,2024-01,3799.0,,311.1985,1220.7642389021798,1220.7642389021798
2000007510548458,2024-02-01,2900.0,1.0,2900.0,,,911988194,,,CNX,2024,2,1,3,False,2024-02,2900.0,,375.3054,772.7040431605833,772.7040431605833
2000007525356266,2024-02-03,4199.0,1.0,4199.0,,,607395641,Santa Fe,Esperanza,CNX,2024,2,1,5,True,2024-02,4199.0,,375.3054,1118.8221645625135,1118.8221645625135
2000007531626170,2024-02-04,2790.0,1.0,2790.0,,,1436847572,Buenos Aires,Colonia Sere,CNX,2024,2,1,6,True,2024-02,2790.0,,375.3054,743.3945794544921,743.3945794544921
2000007531147354,2024-02-04,3999.0,1.0,3999.0,,,905910028,Santa Fe,,CNX,2024,2,1,6,True,2024-02,3999.0,,375.3054,1065.532230551439,1065.532230551439
2000007537421562,2024-02-05,1690.0,1.0,1690.0,,,1495962356,Buenos Aires,,CNX,2024,2,1,0,False,2024-02,1690.0,,375.3054,450.2999423935814,450.2999423935814
2000007547384412,2024-02-06,2999.0,1.0,2999.0,,,1363107773,Buenos Aires,Olavarría,CNX,2024,2,1,1,False,2024-02,2999.0,,375.3054,799.0825604960653,799.0825604960653
2000007623737694,2024-02-17,3990.0,1.0,3990.0,,,612662887,Buenos Aires,25 de Mayo,CNX,2024,2,1,5,True,2024-02,3990.0,,375.3054,1063.1341835209405,1063.1341835209405
2000007623707550,2024-02-17,5490.0,1.0,5490.0,,,805354884,Buenos Aires,25 de Mayo,CNX,2024,2,1,5,True,2024-02,5490.0,,375.3054,1462.808688604001,1462.808688604001
2000007814362670,2024-03-13,3490.0,1.0,3490.0,,,1135199132,Buenos Aires,Hurlingham,CNX,2024,3,1,2,False,2024-03,3490.0,,424.8457,821.4747142315433,821.4747142315433
2000007829398484,2024-03-15,4490.0,1.0,4490.0,,,704142864,Buenos Aires,,CNX,2024,3,1,4,False,2024-03,4490.0,,424.8457,1056.8542885099225,1056.8542885099225
2000007830033894,2024-03-15,2999.0,1.0,2999.0,,,1133363869,Buenos Aires,Tolosa,CNX,2024,3,1,4,False,2024-03,2999.0,,424.8457,705.9033432608591,705.9033432608591
2000007852252430,2024-03-18,4990.0,1.0,4990.0,,,612662887,Buenos Aires,Berazategui,CNX,2024,3,1,0,False,2024-03,4990.0,,424.8457,1174.544075649112,1174.544075649112
2000007871816256,2024-03-21,3999.0,1.0,3999.0,,,612400451,Buenos Aires,Quilmes,CNX,2024,3,1,3,False,2024-03,3999.0,,424.8457,941.2829175392384,941.2829175392384
2000007899126510,2024-03-25,4999.0,1.0,4999.0,,,905910028,Buenos Aires,Lomas del Mirador,CNX,2024,3,1,0,False,2024-03,4999.0,,424.8457,1176.6624918176176,1176.6624918176176
2000007900140798,2024-03-25,2999.0,1.0,2999.0,,,674522362,Capital Federal,Puerto Madero,CNX,2024,3,1,0,False,2024-03,2999.0,,424.8457,705.9033432608591,705.9033432608591
2000007923149706,2024-03-28,2999.0,1.0,2999.0,,,1133327069,Capital Federal,Balvanera,CNX,2024,3,1,3,False,2024-03,2999.0,,424.8457,705.9033432608591,705.9033432608591
2000007948323232,2024-04-02,4999.0,1.0,4999.0,,,1320193530,Capital Federal,,CNX,2024,4,2,1,False,2024-04,4999.0,,471.5787,1060.0563596277777,1060.0563596277777
2000007958336694,2024-04-03,4499.0,1.0,4499.0,,,1365891997,Buenos Aires,Avellaneda,CNX,2024,4,2,2,False,2024-04,4499.0,,471.5787,954.029518296734,954.029518296734
2000007960332690,2024-04-03,2999.0,1.0,2999.0,,,1106401052,Buenos Aires,Valentín Alsina,CNX,2024,4,2,2,False,2024-04,2999.0,,471.5787,635.9489943036019,635.9489943036019
2000007978292114,2024-04-05,4990.0,1.0,4990.0,,,702377132,Buenos Aires,Juan María Gutiérrez,CNX,2024,4,2,4,False,2024-04,4990.0,,471.5787,1058.1478764838191,1058.1478764838191
2000007978439192,2024-04-05,1899.0,1.0,1899.0,,,905884857,Buenos Aires,Juan María Gutiérrez,CNX,2024,4,2,4,False,2024-04,1899.0,,471.5787,402.68994337530506,402.68994337530506
2000007978286552,2024-04-05,5990.0,1.0,5990.0,,,805354884,Buenos Aires,Juan María Gutiérrez,CNX,2024,4,2,4,False,2024-04,5990.0,,471.5787,1270.2015591459071,1270.2015591459071
2000007978282708,2024-04-05,1899.0,1.0,1899.0,,,905884857,Buenos Aires,Juan María Gutiérrez,CNX,2024,4,2,4,False,2024-04,1899.0,,471.5787,402.68994337530506,402.68994337530506
2000007985240922,2024-04-07,3899.0,1.0,3899.0,,,1363107773,,,CNX,2024,4,2,6,True,2024-04,3899.0,,471.5787,826.797308699481,826.797308699481
2000007992690068,2024-04-08,3490.0,1.0,3490.0,,,1131717045,Capital Federal,Villa Pueyrredón,CNX,2024,4,2,0,False,2024-04,3490.0,,471.5787,740.0673524906871,740.0673524906871
2000008057985150,2024-04-16,2999.0,1.0,2999.0,,,1133363869,Capital Federal,Recoleta,CNX,2024,4,2,1,False,2024-04,2999.0,,471.5787,635.9489943036019,635.9489943036019
2000008057985154,2024-04-16,3999.0,1.0,3999.0,,,612662802,Capital Federal,Recoleta,CNX,2024,4,2,1,False,2024-04,3999.0,,471.5787,848.0026769656898,848.0026769656898
2000008100994154,2024-04-22,4199.0,1.0,4199.0,,,607395641,Capital Federal,Mataderos,CNX,2024,4,2,0,False,2024-04,4199.0,,471.5787,890.4134134981074,890.4134134981074
2000008145220568,2024-04-28,2999.0,1.0,2999.0,,,1106401052,Capital Federal,Recoleta,CNX,2024,4,2,6,True,2024-04,2999.0,,471.5787,635.9489943036019,635.9489943036019
2000008123399160,2024-05-02,3999.0,1.0,3999.0,,,1145384067,,,CNX,2024,5,2,3,False,2024-05,3999.0,,513.0776,779.414264041151,779.414264041151
2000008122610154,2024-05-02,4999.0,1.0,4999.0,,,612662901,,,CNX,2024,5,2,3,False,2024-05,4999.0,,513.0776,974.3165556243345,974.3165556243345
2000008206584406,2024-05-06,2999.0,1.0,2999.0,,,1145384042,Capital Federal,Boedo,CNX,2024,5,2,0,False,2024-05,2999.0,,513.0776,584.5119724579674,584.5119724579674
2000008221439522,2024-05-09,2499.0,1.0,2499.0,,,1388857941,,,CNX,2024,5,2,3,False,2024-05,2499.0,,513.0776,487.06082666637565,487.06082666637565
2000008247583372,2024-05-11,5499.0,1.0,5499.0,,,1365891997,Buenos Aires,caba,CNX,2024,5,2,5,True,2024-05,5499.0,,513.0776,1071.7677014159262,1071.7677014159262
2000008249034796,2024-05-12,1299.0,1.0,1299.0,,,1388857941,Capital Federal,Caballito,CNX,2024,5,2,6,True,2024-05,1299.0,,513.0776,253.17807676655542,253.17807676655542
2000008270756392,2024-05-14,2999.0,1.0,2999.0,,,1192578713,,,CNX,2024,5,2,1,False,2024-05,2999.0,,513.0776,584.5119724579674,584.5119724579674
2000008346610518,2024-05-23,5499.0,1.0,5499.0,,,1320193530,Capital Federal,Villa del Parque,CNX,2024,5,2,3,False,2024-05,5499.0,,513.0776,1071.7677014159262,1071.7677014159262
2000008346614048,2024-05-23,3499.0,1.0,3499.0,,,1320245417,Capital Federal,Villa del Parque,CNX,2024,5,2,3,False,2024-05,3499.0,,513.0776,681.9631182495592,681.9631182495592
2000008599874946,2024-06-24,3999.0,1.0,3999.0,,,1133363869,Capital Federal,Versalles,CNX,2024,6,2,0,False,2024-06,3999.0,,534.6269,747.9982769292005,747.9982769292005
2000008643758518,2024-06-29,3999.0,1.0,3999.0,,,905091715,Buenos Aires,Dock Sud,CNX,2024,6,2,5,True,2024-06,3999.0,,534.6269,747.9982769292005,747.9982769292005
2000008717317300,2024-07-08,6499.0,1.0,6499.0,,,612662887,Capital Federal,Almagro,CNX,2024,7,3,0,False,2024-07,6499.0,,559.2197,1162.1550528352273,1162.1550528352273
2000008810846622,2024-07-18,6990.0,1.0,6990.0,,,1131788171,Buenos Aires,Agote,CNX,2024,7,3,3,False,2024-07,6990.0,,559.2197,1249.9559654282566,1249.9559654282566
2000008857425532,2024-07-24,6499.0,1.0,6499.0,,,905910028,Capital Federal,Villa Luro,CNX,2024,7,3,2,False,2024-07,6499.0,,559.2197,1162.1550528352273,1162.1550528352273
2000008872067834,2024-07-26,5999.0,1.0,5999.0,,,612662901,Capital Federal,Capital Federal,CNX,2024,7,3,4,False,2024-07,5999.0,,559.2197,1072.744754878986,1072.744754878986
2000008960299954,2024-08-06,5999.0,1.0,5999.0,,,607395641,Capital Federal,almagro,CNX,2024,8,3,1,False,2024-08,5999.0,,581.5885,1031.4853199470074,1031.4853199470074
2000009017587336,2024-08-12,7999.0,1.0,7999.0,,,780727501,Buenos Aires,avellaneda,CNX,2024,8,3,0,False,2024-08,7999.0,,581.5885,1375.371074221722,1375.371074221722
2000009068363236,2024-08-18,1399.0,1.0,1399.0,,,1388857941,Buenos Aires,Del Viso,CNX,2024,8,3,6,True,2024-08,1399.0,,581.5885,240.54808511516308,240.54808511516308
2000009071531654,2024-08-18,5999.0,1.0,5999.0,,,1320193530,Buenos Aires,Santa Lucia,CNX,2024,8,3,6,True,2024-08,5999.0,,581.5885,1031.4853199470074,1031.4853199470074
2000009135318382,2024-08-26,3999.0,1.0,3999.0,,,1394238401,Capital Federal,Ciudad Autónoma de Buenos Aires,CNX,2024,8,3,0,False,2024-08,3999.0,,581.5885,687.5995656722923,687.5995656722923
2000009180391442,2024-09-01,3999.0,1.0,3999.0,,,1133327069,Buenos Aires,Carapachay,CNX,2024,9,3,6,True,2024-09,3999.0,,606.0152,659.8844385421355,659.8844385421355
2000009188330984,2024-09-02,8999.0,1.0,8999.0,,,780727501,Santa Fe,Gálvez,CNX,2024,9,3,0,False,2024-09,8999.0,,606.0152,1484.9462521732128,1484.9462521732128
2000009224679640,2024-09-05,3999.0,1.0,3999.0,,,1394238401,Buenos Aires,,CNX,2024,9,3,3,False,2024-09,3999.0,,606.0152,659.8844385421355,659.8844385421355
2000009224692060,2024-09-05,4990.0,1.0,4990.0,,,1394314773,Buenos Aires,,CNX,2024,9,3,3,False,2024-09,4990.0,,606.0152,823.4116900038151,823.4116900038151
2000009260190644,2024-09-10,7999.0,1.0,7999.0,,,612662901,Buenos Aires,tablada,CNX,2024,9,3,1,False,2024-09,7999.0,,606.0152,1319.9338894469972,1319.9338894469972
2000009298379308,2024-09-14,3999.0,1.0,3999.0,,,1133363869,Capital Federal,Boedo,CNX,2024,9,3,5,True,2024-09,3999.0,,606.0152,659.8844385421355,659.8844385421355
2000009352653528,2024-09-20,9999.0,1.0,9999.0,,,612662679,,,CNX,2024,9,3,4,False,2024-09,9999.0,,606.0152,1649.9586148994283,1649.9586148994283
2000009399715578,2024-09-26,3999.0,1.0,3999.0,,,872945531,Capital Federal,Balvanera,CNX,2024,9,3,3,False,2024-09,3999.0,,606.0152,659.8844385421355,659.8844385421355
2000009474915398,2024-10-05,9999.0,1.0,9999.0,,,612662679,,,CNX,2024,10,4,5,True,2024-10,9999.0,,627.2257,1594.1629942778175,1594.1629942778175
2000009515036504,2024-10-09,7499.0,1.0,7499.0,,,1386192695,,,CNX,2024,10,4,2,False,2024-10,7499.0,,627.2257,1195.5823876477002,1195.5823876477002
2000009592115250,2024-10-17,1599.0,1.0,1599.0,,,1388857941,Buenos Aires,,CNX,2024,10,4,3,False,2024-10,1599.0,,627.2257,254.93215600062308,254.93215600062308
2000009629978262,2024-10-22,3999.0,1.0,3999.0,,,1145384042,Capital Federal,Villa Crespo,CNX,2024,10,4,1,False,2024-10,3999.0,,627.2257,637.5695383655358,637.5695383655358
2000009662763138,2024-10-26,6999.0,1.0,6999.0,,,867078087,Buenos Aires,Ballester,CNX,2024,10,4,5,True,2024-10,6999.0,,627.2257,1115.8662663216767,1115.8662663216767
2000009809661824,2024-11-11,8999.0,1.0,8999.0,,,1365891997,San Luis,San Luis,CNX,2024,11,4,0,False,2024-11,8999.0,,642.2792,1401.104068137346,1401.104068137346
2000009809694366,2024-11-11,7999.0,1.0,7999.0,,,614649122,San Luis,San Luis,CNX,2024,11,4,0,False,2024-11,7999.0,,642.2792,1245.4085388410524,1245.4085388410524
2000009963670868,2024-11-26,4999.0,1.0,4999.0,,,1363107773,Córdoba,Alta Gracia,CNX,2024,11,4,1,False,2024-11,4999.0,,642.2792,778.3219509521716,778.3219509521716
2000010008951406,2024-11-30,7990.0,1.0,7990.0,,,1968459496,,,CNX,2024,11,4,5,True,2024-11,7990.0,,642.2792,1244.0072790773859,1244.0072790773859
2000010080993328,2024-12-06,3999.0,1.0,3999.0,,,872947209,Capital Federal,Palermo,CNX,2024,12,4,4,False,2024-12,3999.0,,657.6939,608.033615637913,608.033615637913
2000010078773968,2024-12-06,7999.0,1.0,7999.0,,,1148735828,Capital Federal,Balvanera,CNX,2024,12,4,4,False,2024-12,7999.0,,657.6939,1216.2192776913396,1216.2192776913396
2000010078360658,2024-12-06,1999.0,5.0,9995.0,,,1388857941,Buenos Aires,Wilde,CNX,2024,12,4,4,False,2024-12,1999.0,,657.6939,1519.7039230559992,303.94078461119983
2000010080999022,2024-12-06,3999.0,1.0,3999.0,,,872945531,Capital Federal,Palermo,CNX,2024,12,4,4,False,2024-12,3999.0,,657.6939,608.033615637913,608.033615637913
2000010183563158,2024-12-15,4499.0,1.0,4499.0,,,1339770982,Capital Federal,,CNX,2024,12,4,6,True,2024-12,4499.0,,657.6939,684.0568233945913,684.0568233945913
2000010257306046,2024-12-21,7999.0,1.0,7999.0,,,1148735828,,,CNX,2024,12,4,5,True,2024-12,7999.0,,657.6939,1216.2192776913396,1216.2192776913396
2000010296888784,2024-12-26,7999.0,1.0,7999.0,,,704142864,Buenos Aires,Lomas de Zamora,CNX,2024,12,4,3,False,2024-12,7999.0,,657.6939,1216.2192776913396,1216.2192776913396
2000010335409324,2025-01-01,3999.0,1.0,3999.0,,,1133327069,Santa Fe,Santa Fe,CNX,2025,1,1,2,False,2025-01,3999.0,,675.4516,592.0483421758124,592.0483421758124
2000010335407812,2025-01-01,8999.0,1.0,8999.0,,,805354884,Santa Fe,Santa Fe,CNX,2025,1,1,2,False,2025-01,8999.0,,675.4516,1332.2938312678511,1332.2938312678511
2000010349438652,2025-01-03,3999.0,1.0,3999.0,,,1131768685,Buenos Aires,Caseros,CNX,2025,1,1,4,False,2025-01,3999.0,,675.4516,592.0483421758124,592.0483421758124
2000010349438650,2025-01-03,4999.0,1.0,4999.0,,,1135199132,Buenos Aires,Caseros,CNX,2025,1,1,4,False,2025-01,4999.0,,675.4516,740.0974399942202,740.0974399942202
2000010456050064,2025-01-14,19794.0,1.0,19794.0,,,905884857,Capital Federal,Villa Devoto,CNX,2025,1,1,1,False,2025-01,19794.0,,675.4516,2930.4838422175626,2930.4838422175626
2000010496306522,2025-01-18,10798.8,1.0,10798.8,,,1733567696,Buenos Aires,,CNX,2025,1,1,5,True,2025-01,10798.8,,675.4516,1598.7525975214212,1598.7525975214212
2000010519331010,2025-01-20,5998.8,1.0,5998.8,,,1363107773,Capital Federal,,CNX,2025,1,1,0,False,2025-01,5998.8,,675.4516,888.1169279930642,888.1169279930642
2000010564995714,2025-01-25,7198.8,1.0,7198.8,,,1457269591,Buenos Aires,Villa Adelina,CNX,2025,1,1,5,True,2025-01,7198.8,,675.4516,1065.7758453751535,1065.7758453751535
2000010585092320,2025-01-28,6900.0,1.0,6900.0,,,1998815954,,,CNX,2025,1,1,1,False,2025-01,6900.0,,675.4516,1021.5387749470132,1021.5387749470132
2000010588485408,2025-01-28,4898.0,1.0,4898.0,,,1989943642,Capital Federal,San Cristóbal,CNX,2025,1,1,1,False,2025-01,4898.0,,675.4516,725.1444811145609,725.1444811145609
2000010664737492,2025-02-05,5998.8,1.0,5998.8,,,1497103140,,,CNX,2025,2,1,2,False,2025-02,5998.8,,690.987,868.1494731449362,868.1494731449362
2000010678763786,2025-02-06,2398.8,2.0,4797.6,,,1388857941,,,CNX,2025,2,1,3,False,2025-02,2398.8,,690.987,694.3111809628836,347.1555904814418
2000010689043136,2025-02-07,4198.8,1.0,4198.8,,,838220448,Buenos Aires,,CNX,2025,2,1,4,False,2025-02,4198.8,,690.987,607.652531813189,607.652531813189
2000010721129652,2025-02-11,4898.0,1.0,4898.0,,,1989943642,Buenos Aires,Buenos aires,CNX,2025,2,1,1,False,2025-02,4898.0,,690.987,708.8411214682766,708.8411214682766
2000010741657840,2025-02-12,2900.0,1.0,2900.0,,,1388857941,,,CNX,2025,2,1,2,False,2025-02,2900.0,,690.987,419.6895165900371,419.6895165900371
2000010734966588,2025-02-12,5499.8,1.0,5499.8,,,1401229902,Entre Ríos,,CNX,2025,2,1,2,False,2025-02,5499.8,,690.987,795.9339321868574,795.9339321868574
2000010749163690,2025-02-13,11998.8,1.0,11998.8,,,905910028,Buenos Aires,Piñeyro,CNX,2025,2,1,3,False,2025-02,11998.8,,690.987,1736.4726109174267,1736.4726109174267
2000010747289280,2025-02-13,7798.8,1.0,7798.8,,,1457269591,,,CNX,2025,2,1,3,False,2025-02,7798.8,,690.987,1128.6464144766833,1128.6464144766833
2000010834087800,2025-02-22,2900.0,3.0,8700.0,,,1388857941,Buenos Aires,Quilmes Oeste,CNX,2025,2,1,5,True,2025-02,2900.0,,690.987,1259.0685497701115,419.6895165900371
2000010856989938,2025-02-25,6900.0,1.0,6900.0,,,1998815954,Capital Federal,Almagro,CNX,2025,2,1,1,False,2025-02,6900.0,,690.987,998.5716084383644,998.5716084383644
2000010920778870,2025-03-04,9598.8,1.0,9598.8,,,1540566360,,,CNX,2025,3,1,1,False,2025-03,9598.8,,707.5707,1356.5852853997487,1356.5852853997487
2000010993657554,2025-03-11,4798.8,1.0,4798.8,,,605435004,,,CNX,2025,3,1,1,False,2025-03,4798.8,,707.5707,678.2078455198894,678.2078455198894
2000011043274866,2025-03-16,8398.8,1.0,8398.8,,,607395641,Santa Fe,Venado Tuerto,CNX,2025,3,1,6,True,2025-03,8398.8,,707.5707,1186.9909254297838,1186.9909254297838
2000011075949102,2025-03-19,8998.8,1.0,8998.8,,,1425491484,Buenos Aires,General Rodríguez,CNX,2025,3,1,2,False,2025-03,8998.8,,707.5707,1271.7881054147663,1271.7881054147663
2000011075949836,2025-03-19,9598.8,1.0,9598.8,,,1540566360,Buenos Aires,General Rodríguez,CNX,2025,3,1,2,False,2025-03,9598.8,,707.5707,1356.5852853997487,1356.5852853997487
2000011081918198,2025-03-20,11998.8,1.0,11998.8,,,905910028,Buenos Aires,Piñeyro,CNX,2025,3,1,3,False,2025-03,11998.8,,707.5707,1695.7740053396783,1695.7740053396783
2000011104115446,2025-03-23,10798.8,1.0,10798.8,,,805354884,Córdoba,san pedro,CNX,2025,3,1,6,True,2025-03,10798.8,,707.5707,1526.1796453697136,1526.1796453697136
2000011276563736,2025-04-09,4798.8,1.0,4798.8,2407.65,Adorno De Torta   Plim Plim  En Goma Eva,1133327069,Santa Fe,Colonia Belgrano,ML_Oficial,2025,4,2,2,False,2025-04,4798.8,49.82808202050513,733.7508,654.009508405306,654.009508405306
2000011273938108,2025-04-09,2900.0,1.0,2900.0,1465.0,Figuras En Goma Eva De Animales 20 Cms,1388857941,Misiones,Posadas,ML_Oficial,2025,4,2,2,False,2025-04,2900.0,49.48275862068966,733.7508,395.2295520495514,395.2295520495514
2000011273313410,2025-04-09,29000.0,1.0,29000.0,0.0,Figuras De Mono En Goma Eva 45/50 Cms,838220448, , ,ML_Oficial,2025,4,2,2,False,2025-04,29000.0,100.0,733.7508,3952.2955204955138,3952.2955204955138
2000011427052942,2025-04-26,11998.8,1.0,11998.8,9258.97,Figuras Bichikids En Goma Eva X 7,905910028,Capital Federal,San Cristóbal,ML_Oficial,2025,4,2,5,True,2025-04,11998.8,22.834200086675338,733.7508,1635.2690859076404,1635.2690859076404
2000007757370669,2025-04-30,2900.0,1.0,2900.0,0.0,Figuras En Goma Eva De Animales 20 Cms,1388857941,Santa Fe,Rosario,ML_Oficial,2025,4,2,2,False,2025-04,2900.0,100.0,733.7508,395.2295520495514,395.2295520495514
2000011569978290,2025-05-10,7198.8,1.0,7198.8,5154.97,Adorno De Torta En Goma Eva De Baby Bus,1497140454,Buenos Aires,Lanús,ML_Oficial,2025,5,2,5,True,2025-05,7198.8,28.391259654386836,755.7633,952.5204518398817,952.5204518398817
2000011622357074,2025-05-15,9598.8,1.0,9598.8,7206.97,Adorno De Torta En Goma Eva Payaso Plim Plim,704142864,Buenos Aires,Bahía Blanca,ML_Oficial,2025,5,2,3,False,2025-05,9598.8,24.918010584656404,755.7633,1270.0801957438262,1270.0801957438262
2000011659338252,2025-05-19,8998.8,1.0,8998.8,5738.95,Figuras De Animales En Goma Eva  X 8,1386192695,Santa Fe,Rufino,ML_Oficial,2025,5,2,0,False,2025-05,8998.8,36.225385606969816,755.7633,1190.69025976784,1190.69025976784
2000011722376452,2025-05-25,12999.0,1.0,12999.0,10114.14,Decoración Para Torta Bichikids Goma Eva,1493714283,Buenos Aires,Ezpeleta Oeste,ML_Oficial,2025,5,2,6,True,2025-05,12999.0,22.192937918301414,755.7633,1719.9829629197395,1719.9829629197395
2000011844174660,2025-06-05,5798.8,1.0,5798.8,3198.41,Adorno De Torta En Goma Eva George,872945531,Santa Fe,PUJATO,ML_Oficial,2025,6,2,3,False,2025-06,5798.8,44.843588328619724,780.7035,742.7659796580905,742.7659796580905
2000011872788272,2025-06-07,5499.0,1.0,5499.0,2957.3,Adorno De Torta   Plim Plim  En Goma Eva,1133327069,Santa Fe,Rosario,ML_Oficial,2025,6,2,5,True,2025-06,5499.0,46.22113111474814,780.7035,704.3647172069807,704.3647172069807
2000012022677408,2025-06-20,8399.0,1.0,8399.0,6139.15,Cartel Para Decoración De Snoopy En Goma Eva,1394314773,Córdoba,Dean Funes,ML_Oficial,2025,6,2,4,False,2025-06,8399.0,26.906179307060373,780.7035,1075.8245607967685,1075.8245607967685
2000012031359930,2025-06-21,2900.0,1.0,2900.0,1465.0,Figuras En Goma Eva De Animales 20 Cms,1388857941,Buenos Aires,"Vicente López, Villa Martelli.",ML_Oficial,2025,6,2,5,True,2025-06,2900.0,49.48275862068966,780.7035,371.45984358978797,371.45984358978797
2000012106699850,2025-06-28,7198.8,1.0,7198.8,5154.97,Adorno De Torta En Goma Eva De Baby Bus,1497140454,Córdoba,Los Robles,ML_Oficial,2025,6,2,5,True,2025-06,7198.8,28.391259654386836,780.7035,922.0914213910917,922.0914213910917
2000012108581232,2025-06-28,2999.0,1.0,2999.0,1564.14,Decoración En Goma Eva Tortugas Ninjas,1917655504, , ,ML_Oficial,2025,6,2,5,True,2025-06,2999.0,47.84461487162387,780.7035,384.1407141123359,384.1407141123359
2000012102120106,2025-06-28,2900.0,1.0,2900.0,0.0,Figuras En Goma Eva De Animales 20 Cms,1388857941,Buenos Aires,City Bell,ML_Oficial,2025,6,2,5,True,2025-06,2900.0,100.0,780.7035,371.45984358978797,371.45984358978797
2000012246771750,2025-07-10,9999.0,1.0,9999.0,7549.14,Adorno Torta   Peppa Familia   En Goma Eva,820541296,Córdoba,Villa Carlos Paz,ML_Oficial,2025,7,3,3,False,2025-07,9999.0,24.501050105010503,804.1246,1243.4640104282346,1243.4640104282346
2000012299006174,2025-07-14,12798.8,1.0,12798.8,9878.98,Figuras De Animales En Goma Eva X 10 Unidades,1365891997,Buenos Aires,Quilmes,ML_Oficial,2025,7,3,0,False,2025-07,12798.8,22.813232490545985,804.1246,1591.6438820550943,1591.6438820550943
2000012322576184,2025-07-16,14999.0,1.0,14999.0,11749.15,Apliques En Goma Eva Payaso Plim Plim X 10u.,605358834, , ,ML_Oficial,2025,7,3,2,False,2025-07,14999.0,21.667111140742723,804.1246,1865.258195060815,1865.258195060815
2000012448593634,2025-07-30,15999.0,1.0,15999.0,11679.14,Apliques Para Adorno De Torta Plim Y Amigos,1148735828,Mendoza,San Carlos,ML_Oficial,2025,7,3,2,False,2025-07,15999.0,27.000812550784424,804.1246,1989.6170319873313,1989.6170319873313
2000012488742396,2025-07-31,2900.0,1.0,2900.0,1465.0,Figuras En Goma Eva De Animales 20 Cms,1388857941, , ,ML_Oficial,2025,7,3,3,False,2025-07,2900.0,49.48275862068966,804.1246,360.64062708689676,360.64062708689676
2000012568580966,2025-08-06,12798.8,1.0,12798.8,9783.98,Figuras De Animales En Goma Eva X 10 Unidades,1365891997,Buenos Aires,Martínez,ML_Oficial,2025,8,3,2,False,2025-08,12798.8,23.55548957714786,825.836,1549.7992337461674,1549.7992337461674
2000012601445828,2025-08-09,2299.0,1.0,2299.0,859.15,Figuras De Mono En Goma Eva De 20 Cms,2226597288, , ,ML_Oficial,2025,8,3,5,True,2025-08,2299.0,62.62940408873423,825.836,278.3845703020939,278.3845703020939
2000012685640752,2025-08-15,12798.8,1.0,12798.8,9783.98,Figuras De Animales En Goma Eva X 10 Unidades,1365891997,Córdoba,Agua De Oro,ML_Oficial,2025,8,3,4,False,2025-08,12798.8,23.55548957714786,825.836,1549.7992337461674,1549.7992337461674
2000012742053732,2025-08-20,6999.0,1.0,6999.0,4889.14,Adorno De Torta En Goma Eva George,872945531, , ,ML_Oficial,2025,8,3,2,False,2025-08,6999.0,30.14516359479925,825.836,847.504831467749,847.504831467749
2000012815685078,2025-08-27,4798.8,1.0,4798.8,3007.97,Adorno De Torta My Melody,1192578713,Buenos Aires,Florida,ML_Oficial,2025,8,3,2,False,2025-08,4798.8,37.31828790530967,825.836,581.0838955918608,581.0838955918608
2000012841773720,2025-08-29,16999.0,1.0,16999.0,12344.14,Figuras Bichikids En Goma Eva X 7,905910028,Mendoza,San Martín,ML_Oficial,2025,8,3,4,False,2025-08,16999.0,27.383140184716748,825.836,2058.3990041606326,2058.3990041606326
2000009034927551,2025-08-30,6999.0,1.0,6999.0,4889.14,Adorno De Torta   Plim Plim  En Goma Eva,1133327069,Capital Federal,Barracas,ML_Oficial,2025,8,3,5,True,2025-08,6999.0,30.14516359479925,825.836,847.504831467749,847.504831467749
2000013027875802,2025-09-13,5789.0,1.0,5789.0,3854.6,Adorno Torta Lechuza En Goma Eva,911988194, , ,ML_Oficial,2025,9,3,5,True,2025-09,5789.0,33.41509759889446,845.656,684.55731408516,684.55731408516
2000013074849424,2025-09-17,18000.0,1.0,18000.0,13200.0,Figuras Bichikids En Goma Eva X 7,905910028,Mendoza,San Martín,ML_Oficial,2025,9,3,2,False,2025-09,18000.0,26.66666666666667,845.656,2128.5250740253723,2128.5250740253723
2000013141479200,2025-09-23,15999.0,1.0,15999.0,0.0,Figuras Arte En Goma Eva De Pinkfong Y Hogi,2382164322, , ,ML_Oficial,2025,9,3,1,False,2025-09,15999.0,100.0,845.656,1891.9040366295515,1891.9040366295515
2000013251153634,2025-10-02,5899.0,1.0,5899.0,3928.64,Adorno Torta Snoopy En Goma Eva Blanco Lámina,1989943642,Buenos Aires,San Carlos,ML_Oficial,2025,10,4,3,False,2025-10,5899.0,33.40159349042211,863.4148,683.2173828847965,683.2173828847965
2000013300239980,2025-10-06,5899.0,1.0,5899.0,3928.64,Adorno Torta Snoopy En Goma Eva Blanco Lámina,1989943642,Buenos Aires,Lomas de Zamora,ML_Oficial,2025,10,4,0,False,2025-10,5899.0,33.40159349042211,863.4148,683.2173828847965,683.2173828847965
2000013303489830,2025-10-06,2999.0,1.0,2999.0,1434.15,Figuras En Goma Eva De Animales 20 Cms,1388857941,Buenos Aires,Vicente López,ML_Oficial,2025,10,4,0,False,2025-10,2999.0,52.17905968656218,863.4148,347.3417411885921,347.3417411885921
2000013341333618,2025-10-08,14798.0,1.0,14798.0,11463.3,Figuras De Animales En Goma Eva X 10 Unidades,1365891997,Buenos Aires,San Antonio de Padua,ML_Oficial,2025,10,4,2,False,2025-10,14798.0,22.534802000270314,863.4148,1713.8923261449768,1713.8923261449768
2000009576689669,2025-10-12,6999.0,1.0,6999.0,0.0,Adorno De Torta   Plim Plim  En Goma Eva,1133327069,Misiones,San Vicente,ML_Oficial,2025,10,4,6,True,2025-10,6999.0,100.0,863.4148,810.6184883557706,810.6184883557706
2000013679518908,2025-11-05,9999.0,1.0,9999.0,7434.14,Adornos De Torta  Gaturro Y Aghata  En Goma Eva,607395641,Tucumán,San Miguel de Tucumán,ML_Oficial,2025,11,4,2,False,2025-11,9999.0,25.651165116511642,884.1368,1130.933584033602,1130.933584033602
2000013761124560,2025-11-10,6999.0,1.0,6999.0,4869.14,Adorno Torta Snoopy En Goma Eva - Blanco - Lámina,1989943642,Buenos Aires,Zarate,ML_Oficial,2025,11,4,0,False,2025-11,6999.0,30.430918702671804,884.1368,791.6195774228604,791.6195774228604
2000014076830830,2025-11-30,14798.0,1.0,14798.0,11463.3,Figuras De Animales En Goma Eva X 10 Unidades,1365891997, , ,ML_Oficial,2025,11,4,6,True,2025-11,14798.0,22.534802000270314,884.1368,1673.7228899419185,1673.7228899419185
2000014096821396,2025-12-01,2999.0,1.0,2999.0,0.0,Figuras En Goma Eva De Animales 20 Cms,1388857941,Buenos Aires,Villa Ballester,ML_Oficial,2025,12,4,0,False,2025-12,2999.0,100.0,906.2402,330.92771651489306,330.92771651489306
2000014097053052,2025-12-01,10999.0,1.0,10999.0,0.0,Figuras De Animales En Goma Eva X 9,1540566360,Buenos Aires,Villa Ballester,ML_Oficial,2025,12,4,0,False,2025-12,10999.0,100.0,906.2402,1213.695883276862,1213.695883276862
2000010557441487,2025-12-14,14999.0,1.0,14999.0,11739.14,Cartel  Mi Bautismo  En Goma Eva,613414686,Buenos Aires,Bella Vista,ML_Oficial,2025,12,4,6,True,2025-12,14999.0,21.733848923261554,906.2402,1655.0799666578464,1655.0799666578464
2000014317132112,2025-12-15,7999.0,1.0,7999.0,5724.14,Decoración Para Torta De Blippi,1363107773,Buenos Aires,Tolosa,ML_Oficial,2025,12,4,0,False,2025-12,7999.0,28.43930491311414,906.2402,882.6578207411236,882.6578207411236
2000014416287622,2025-12-21,15999.0,1.0,15999.0,11379.14,Banderín En Goma Eva  Payaso Plim Plim,1131788171,Corrientes,San Roque,ML_Oficial,2025,12,4,6,True,2025-12,15999.0,28.875929745609106,906.2402,1765.4259875030923,1765.4259875030923
2000014545176548,2026-01-02,15999.0,1.0,15999.0,11379.14,Figuras Bichikids En Goma Eva X 7,905910028,Buenos Aires,Gerli,ML_Oficial,2026,1,1,4,False,2026-01,15999.0,28.875929745609106,931.6149,1717.3405019606278,1717.3405019606278
2000014588966572,2026-01-05,18900.0,1.0,18900.0,13765.0,Figuras De Animales En Goma Eva X 10 Unidades,1365891997,Buenos Aires,Ituzaingó,ML_Oficial,2026,1,1,0,False,2026-01,18900.0,27.169312169312164,931.6149,2028.7352638949849,2028.7352638949849
2000014640022218,2026-01-09,8999.0,1.0,8999.0,6534.15,Cartel Figuras De Piratas En Goma Eva,1339770982,Buenos Aires,Vedia,ML_Oficial,2026,1,1,4,False,2026-01,8999.0,27.39026558506501,931.6149,965.9570708884111,965.9570708884111
2000014659820780,2026-01-10,6999.0,1.0,6999.0,4869.14,Adorno De Torta,612662688,Buenos Aires,El Palomar,ML_Oficial,2026,1,1,5,True,2026-01,6999.0,30.430918702671804,931.6149,751.2760905820635,751.2760905820635
2000011157271993,2026-01-21,15999.0,1.0,15999.0,11379.14,Figuras Bichikids En Goma Eva X 7,905910028,Misiones,Posadas,ML_Oficial,2026,1,1,2,False,2026-01,15999.0,28.875929745609106,931.6149,1717.3405019606278,1717.3405019606278
2000014998499892,2026-02-04,14999.0,1.0,14999.0,11634.15,"Figuras De Animales De 12 Cms, Goma Eva, X 10 U",612662901, , ,ML_Oficial,2026,2,1,2,False,2026-02,14999.0,22.433828921928132,958.6317,1564.625914206676,1564.625914206676
2000015001458500,2026-02-04,15999.0,1.0,15999.0,9802.75,Figuras Bichikids En Goma Eva X 7,905910028,Santa Fe,Rosario,ML_Oficial,2026,2,1,2,False,2026-02,15999.0,38.72898306144133,958.6317,1668.941262843697,1668.941262843697
2000015022643284,2026-02-05,16999.0,1.0,16999.0,12149.15,Apliques En Goma Eva Payaso Plim Plim X 10u.,605358834,Córdoba,Córdoba,ML_Oficial,2026,2,1,3,False,2026-02,16999.0,28.530207659274076,958.6317,1773.2566114807178,1773.2566114807178
2000015048173304,2026-02-07,6999.0,1.0,6999.0,4869.14,Adorno De Torta En Goma Eva De Pikachu,905091715,Capital Federal,Villa Urquiza,ML_Oficial,2026,2,1,5,True,2026-02,6999.0,30.430918702671804,958.6317,730.103125110509,730.103125110509
2000011491350519,2026-02-10,18999.0,1.0,18999.0,13944.14,Adorno De Torta Peppa Y Amigos En Goma Eva,915355825,Buenos Aires,Lomas de Zamora,ML_Oficial,2026,2,1,1,False,2026-02,18999.0,26.605926627717245,958.6317,1981.8873087547595,1981.8873087547595
2000015140319776,2026-02-13,3499.0,1.0,3499.0,0.0,Figuras En Goma Eva De Animales 20 Cms,1388857941,Buenos Aires,Almirante Brown,ML_Oficial,2026,2,1,4,False,2026-02,3499.0,100.0,958.6317,364.999404880936,364.999404880936
2000015157221394,2026-02-15,19999.0,1.0,19999.0,14839.14,"Cartel Nacimiento, Cumpleaños En Goma Eva Goma Eva",2799794070,Buenos Aires,argentina,ML_Oficial,2026,2,1,6,True,2026-02,19999.0,25.80059002950148,958.6317,2086.20265739178,2086.20265739178
2000015332171854,2026-02-28,18999.0,1.0,18999.0,12367.22,Figuras Bichikids En Goma Eva X 7,905910028,Santa Fe,Empalme Villa Constitucion,ML_Oficial,2026,2,1,5,True,2026-02,18999.0,34.90594241802201,958.6317,1981.8873087547595,1981.8873087547595
2000015509498832,2026-03-11,18999.0,1.0,18999.0,13849.15,"Figuras De Animales De 12 Cms, Goma Eva, X 10 U",612662901, , ,ML_Oficial,2026,3,1,2,False,2026-03,18999.0,27.105900310542662,984.5148,1929.7830769024497,1929.7830769024497
2000015650108664,2026-03-21,18999.0,1.0,18999.0,13649.15,Cartel Para Decoración De Snoopy En Goma Eva,1394314773, , ,ML_Oficial,2026,3,1,5,True,2026-03,18999.0,28.158587294068116,984.5148,1929.7830769024497,1929.7830769024497
2000015793619604,2026-04-01,18999.0,1.0,18999.0,13779.14,Figuras Bichikids En Goma Eva X 7,905910028,Buenos Aires,Gerli,ML_Oficial,2026,4,2,2,False,2026-04,18999.0,27.47439338912575,,,
